ticker,market
ACS.MC,ES
ACX.MC,ES
AENA.MC,ES
AMS.MC,ES
ANA.MC,ES
ANE.MC,ES
BBVA.MC,ES
BKT.MC,ES
CABK.MC,ES
CLNX.MC,ES
COL.MC,ES
ELE.MC,ES
ENG.MC,ES
FDR.MC,ES
FER.MC,ES
GRF.MC,ES
IAG.MC,ES
IBE.MC,ES
IDR.MC,ES
ITX.MC,ES
LOG.MC,ES
MAP.MC,ES
MRL.MC,ES
MTS.MC,ES
NTGY.MC,ES
PUIG.MC,ES
RED.MC,ES
REP.MC,ES
ROVI.MC,ES
SAB.MC,ES
SAN.MC,ES
SCYR.MC,ES
SLR.MC,ES
TEF.MC,ES
UNI.MC,ES
ADS.DE,DE
ALV.DE,DE
BAS.DE,DE
BAYN.DE,DE
BEI.DE,DE
BMW.DE,DE
BNR.DE,DE
CBK.DE,DE
CON.DE,DE
DB1.DE,DE
DBK.DE,DE
DHL.DE,DE
DTE.DE,DE
DTG.DE,DE
ENR.DE,DE
EOAN.DE,DE
FRE.DE,DE
G1A.DE,DE
HEI.DE,DE
HEN3.DE,DE
HNR1.DE,DE
IFX.DE,DE
MBG.DE,DE
MRK.DE,DE
MTX.DE,DE
MUV2.DE,DE
P911.DE,DE
PAH3.DE,DE
QIA.DE,DE
RHM.DE,DE
RWE.DE,DE
SAP.DE,DE
SHL.DE,DE
SIE.DE,DE
SRT3.DE,DE
SY1.DE,DE
VNA.DE,DE
VOW3.DE,DE
ZAL.DE,DE
FME.DE,DE
AC.PA,FR
AI.PA,FR
AIR.PA,FR
CS.PA,FR
BNP.PA,FR
EN.PA,FR
CAP.PA,FR
CA.PA,FR
ACA.PA,FR
BN.PA,FR
DSY.PA,FR
EDEN.PA,FR
ENGI.PA,FR
EL.PA,FR
ERF.PA,FR
RMS.PA,FR
KER.PA,FR
OR.PA,FR
LR.PA,FR
MC.PA,FR
ML.PA,FR
ORA.PA,FR
RI.PA,FR
PUB.PA,FR
RNO.PA,FR
SAF.PA,FR
SGO.PA,FR
SAN.PA,FR
SU.PA,FR
GLE.PA,FR
STLAP.PA,FR
STMPA.PA,FR
TEP.PA,FR
HO.PA,FR
TTE.PA,FR
URW.PA,FR
VIE.PA,FR
DG.PA,FR
VIV.PA,FR
AZN.L,GB
SHEL.L,GB
HSBA.L,GB
ULVR.L,GB
BP.L,GB
RIO.L,GB
GSK.L,GB
REL.L,GB
DGE.L,GB
BATS.L,GB
LSEG.L,GB
NG.L,GB
RR.L,GB
BA.L,GB
CPG.L,GB
GLEN.L,GB
AAL.L,GB
LLOY.L,GB
BARC.L,GB
NWG.L,GB
PRU.L,GB
LGEN.L,GB
AV.L,GB
TSCO.L,GB
SBRY.L,GB
VOD.L,GB
BT-A.L,GB
IMB.L,GB
EXPN.L,GB
HLN.L,GB
RKT.L,GB
SSE.L,GB
III.L,GB
ABF.L,GB
AHT.L,GB
BNZL.L,GB
IHG.L,GB
WTB.L,GB
NXT.L,GB
JD.L,GB
MKS.L,GB
KGF.L,GB
BRBY.L,GB
SMIN.L,GB
IMI.L,GB
HLMA.L,GB
SGE.L,GB
AUTO.L,GB
RMV.L,GB
SMT.L,GB
PSON.L,GB
INF.L,GB
WPP.L,GB
ITRK.L,GB
ANTO.L,GB
FRES.L,GB
ENT.L,GB
BKG.L,GB
PSN.L,GB
TW.L,GB
LAND.L,GB
BLND.L,GB
SGRO.L,GB
CNA.L,GB
CCH.L,GB
ADM.L,GB
STAN.L,GB
SDR.L,GB
MNG.L,GB
PHNX.L,GB
WEIR.L,GB
SPX.L,GB
RTO.L,GB
BEZ.L,GB
HWDN.L,GB
DCC.L,GB
UU.L,GB
SVT.L,GB
BAB.L,GB
EZJ.L,GB
ICG.L,GB
ASML.AS,EU
ADYEN.AS,EU
PRX.AS,EU
INGA.AS,EU
HEIA.AS,EU
AD.AS,EU
WKL.AS,EU
PHIA.AS,EU
ABN.AS,EU
ASM.AS,EU
BESI.AS,EU
RAND.AS,EU
NN.AS,EU
KPN.AS,EU
AGN.AS,EU
IMCD.AS,EU
UMG.AS,EU
MT.AS,EU
ENEL.MI,EU
ENI.MI,EU
ISP.MI,EU
UCG.MI,EU
RACE.MI,EU
STLAM.MI,EU
G.MI,EU
PRY.MI,EU
MB.MI,EU
LDO.MI,EU
TEN.MI,EU
SRG.MI,EU
TRN.MI,EU
MONC.MI,EU
BAMI.MI,EU
BMPS.MI,EU
ABI.BR,EU
KBC.BR,EU
UCB.BR,EU
ARGX.BR,EU
NOKIA.HE,EU
KNEBV.HE,EU
SAMPO.HE,EU
UPM.HE,EU
FORTUM.HE,EU
EDP.LS,EU
GALP.LS,EU
JMT.LS,EU
NOVO-B.CO,NORD
DSV.CO,NORD
ORSTED.CO,NORD
MAERSK-B.CO,NORD
VWS.CO,NORD
CARL-B.CO,NORD
NSIS-B.CO,NORD
ATCO-A.ST,NORD
INVE-B.ST,NORD
VOLV-B.ST,NORD
ERIC-B.ST,NORD
SAND.ST,NORD
HM-B.ST,NORD
ASSA-B.ST,NORD
SEB-A.ST,NORD
EQNR.OL,NORD
DNB.OL,NORD
NESN.SW,CH
ROG.SW,CH
NOVN.SW,CH
UBSG.SW,CH
ZURN.SW,CH
ABBN.SW,CH
CFR.SW,CH
SIKA.SW,CH
LONN.SW,CH
ALC.SW,CH
GIVN.SW,CH
HOLN.SW,CH
SREN.SW,CH
PGHN.SW,CH
SCMN.SW,CH
GEBN.SW,CH
7203.T,JP
6758.T,JP
9984.T,JP
6861.T,JP
8306.T,JP
9432.T,JP
6098.T,JP
8035.T,JP
9983.T,JP
4063.T,JP
6501.T,JP
8316.T,JP
8411.T,JP
7974.T,JP
4502.T,JP
6367.T,JP
7267.T,JP
8058.T,JP
8001.T,JP
8031.T,JP
6902.T,JP
4568.T,JP
6954.T,JP
6981.T,JP
6594.T,JP
4519.T,JP
6273.T,JP
7741.T,JP
6857.T,JP
6146.T,JP
6920.T,JP
9433.T,JP
9434.T,JP
8766.T,JP
2914.T,JP
4661.T,JP
7011.T,JP
7012.T,JP
6503.T,JP
6702.T,JP
6752.T,JP
7751.T,JP
4452.T,JP
3382.T,JP
8801.T,JP
8802.T,JP
9020.T,JP
9022.T,JP
5108.T,JP
4543.T,JP
4503.T,JP
6701.T,JP
7201.T,JP
7269.T,JP
6723.T,JP
8053.T,JP
8002.T,JP
8591.T,JP
8725.T,JP
8750.T,JP
5401.T,JP
4901.T,JP
6326.T,JP
6301.T,JP
0700.HK,HK
9988.HK,HK
3690.HK,HK
1299.HK,HK
0005.HK,HK
0939.HK,HK
1398.HK,HK
3988.HK,HK
0941.HK,HK
1810.HK,HK
2318.HK,HK
0388.HK,HK
9618.HK,HK
1211.HK,HK
9999.HK,HK
2020.HK,HK
0883.HK,HK
0857.HK,HK
0386.HK,HK
0016.HK,HK
0001.HK,HK
0002.HK,HK
0003.HK,HK
0011.HK,HK
0027.HK,HK
1928.HK,HK
2388.HK,HK
0669.HK,HK
1109.HK,HK
0688.HK,HK
9888.HK,HK
1024.HK,HK
9961.HK,HK
2331.HK,HK
0267.HK,HK
0762.HK,HK
0981.HK,HK
2269.HK,HK
1177.HK,HK
0823.HK,HK
0066.HK,HK
0175.HK,HK
2015.HK,HK
9868.HK,HK
2628.HK,HK
6862.HK,HK
9633.HK,HK
0291.HK,HK
2899.HK,HK
005930.KS,KR
000660.KS,KR
373220.KS,KR
207940.KS,KR
005380.KS,KR
035420.KS,KR
2330.TW,TW
2317.TW,TW
2454.TW,TW
2308.TW,TW
2382.TW,TW
RY.TO,CA
TD.TO,CA
SHOP.TO,CA
ENB.TO,CA
CNQ.TO,CA
CP.TO,CA
CNR.TO,CA
BN.TO,CA
BMO.TO,CA
BNS.TO,CA
SU.TO,CA
TRI.TO,CA
ATD.TO,CA
CSU.TO,CA
WCN.TO,CA
NTR.TO,CA
AEM.TO,CA
ABX.TO,CA
MFC.TO,CA
L.TO,CA
BHP.AX,AU
CBA.AX,AU
CSL.AX,AU
NAB.AX,AU
WBC.AX,AU
ANZ.AX,AU
WES.AX,AU
MQG.AX,AU
FMG.AX,AU
RIO.AX,AU
WDS.AX,AU
TLS.AX,AU
GMG.AX,AU
WOW.AX,AU
TCL.AX,AU
ALL.AX,AU
RMD.AX,AU
XRO.AX,AU
NST.AX,AU
QBE.AX,AU
RELIANCE.NS,IN
TCS.NS,IN
HDFCBANK.NS,IN
INFY.NS,IN
ICICIBANK.NS,IN
BHARTIARTL.NS,IN
ITC.NS,IN
SBIN.NS,IN
LT.NS,IN
HINDUNILVR.NS,IN
BAJFINANCE.NS,IN
KOTAKBANK.NS,IN
AXISBANK.NS,IN
MARUTI.NS,IN
SUNPHARMA.NS,IN
TITAN.NS,IN
M&M.NS,IN
NTPC.NS,IN
ADANIENT.NS,IN
ULTRACEMCO.NS,IN
HCLTECH.NS,IN
WIPRO.NS,IN
ASIANPAINT.NS,IN
POWERGRID.NS,IN
VALE3.SA,BR
PETR4.SA,BR
ITUB4.SA,BR
BBDC4.SA,BR
ABEV3.SA,BR
WEGE3.SA,BR
B3SA3.SA,BR
BBAS3.SA,BR
RENT3.SA,BR
SUZB3.SA,BR
AAPL,US_FALLBACK
MSFT,US_FALLBACK
NVDA,US_FALLBACK
AMZN,US_FALLBACK
GOOGL,US_FALLBACK
META,US_FALLBACK
BRK-B,US_FALLBACK
AVGO,US_FALLBACK
TSLA,US_FALLBACK
LLY,US_FALLBACK
JPM,US_FALLBACK
V,US_FALLBACK
UNH,US_FALLBACK
XOM,US_FALLBACK
MA,US_FALLBACK
JNJ,US_FALLBACK
PG,US_FALLBACK
HD,US_FALLBACK
COST,US_FALLBACK
ABBV,US_FALLBACK
MRK,US_FALLBACK
ORCL,US_FALLBACK
CVX,US_FALLBACK
WMT,US_FALLBACK
BAC,US_FALLBACK
KO,US_FALLBACK
PEP,US_FALLBACK
NFLX,US_FALLBACK
CRM,US_FALLBACK
AMD,US_FALLBACK
ADBE,US_FALLBACK
TMO,US_FALLBACK
LIN,US_FALLBACK
MCD,US_FALLBACK
CSCO,US_FALLBACK
ACN,US_FALLBACK
ABT,US_FALLBACK
WFC,US_FALLBACK
DHR,US_FALLBACK
INTU,US_FALLBACK
QCOM,US_FALLBACK
TXN,US_FALLBACK
DIS,US_FALLBACK
IBM,US_FALLBACK
GE,US_FALLBACK
CAT,US_FALLBACK
AMGN,US_FALLBACK
VZ,US_FALLBACK
PFE,US_FALLBACK
NOW,US_FALLBACK
ISRG,US_FALLBACK
UBER,US_FALLBACK
PM,US_FALLBACK
AMAT,US_FALLBACK
SPGI,US_FALLBACK
RTX,US_FALLBACK
CMCSA,US_FALLBACK
GS,US_FALLBACK
UNP,US_FALLBACK
HON,US_FALLBACK
NEE,US_FALLBACK
LOW,US_FALLBACK
BKNG,US_FALLBACK
T,US_FALLBACK
PGR,US_FALLBACK
BLK,US_FALLBACK
SYK,US_FALLBACK
ELV,US_FALLBACK
TJX,US_FALLBACK
MS,US_FALLBACK
VRTX,US_FALLBACK
C,US_FALLBACK
BSX,US_FALLBACK
LRCX,US_FALLBACK
SCHW,US_FALLBACK
PLD,US_FALLBACK
MU,US_FALLBACK
ADI,US_FALLBACK
REGN,US_FALLBACK
PANW,US_FALLBACK
KLAC,US_FALLBACK
MDT,US_FALLBACK
CB,US_FALLBACK
ADP,US_FALLBACK
DE,US_FALLBACK
MMC,US_FALLBACK
SBUX,US_FALLBACK
GILD,US_FALLBACK
ANET,US_FALLBACK
LMT,US_FALLBACK
BMY,US_FALLBACK
SNPS,US_FALLBACK
CDNS,US_FALLBACK
PLTR,US_FALLBACK
CRWD,US_FALLBACK
MELI,US_FALLBACK
ASML,US_FALLBACK
PDD,US_FALLBACK
ARM,US_FALLBACK
MRVL,US_FALLBACK
